id,inner_id
1,1
2,2
3,3
4,4
5,5
6,6
7,7
8,8
9,9
10,10
11,11
12,12
13,13
14,14
15,15
16,16
17,17
18,18
19,19
20,20
21,21
22,22
23,23
24,24
25,25
26,26
27,27
28,28
29,29
30,30
31,31
32,32
33,33
34,34
35,35
36,36
37,37
38,38
39,39
40,40
41,41
42,42
43,43
44,44
45,45
46,46
47,47
48,48
49,49
696,50
697,51
698,52
699,53
700,54
701,55
702,56
703,57
704,58
705,59
706,60
707,61
708,62
709,63
710,64
711,65
712,66
713,67
714,68
715,69
716,70
717,71
718,72
719,73
720,74
721,75
722,76
723,77
724,78
725,79
726,80
727,81
728,82
729,83
730,84
731,85
732,86
733,87
734,88
735,89
736,90
737,91
738,92
739,93
740,94
741,95
742,96
743,97
744,98
745,99
746,100
747,101
748,102
749,103
750,104
751,105
752,106
753,107
754,108
755,109
756,110
757,111
758,112
759,113
760,114
761,115
762,116
763,117
764,118
765,119
766,120
767,121
768,122
769,123
770,124
771,125
772,126
773,127
774,128
775,129
776,130
777,131
778,132
779,133
780,134
781,135
782,136
783,137
784,138
785,139
786,140
787,141
788,142
789,143
790,144
791,145
792,146
793,147
794,148
795,149
796,150
797,151
798,152
799,153
800,154
801,155
802,156
803,157
804,158
805,159
806,160
807,161
808,162
809,163
810,164
811,165
812,166
813,167
814,168
815,169
816,170
817,171
818,172
819,173
820,174
821,175
822,176
823,177
824,178
825,179
826,180
827,181
828,182
829,183
830,184
831,185
832,186
833,187
834,188
835,189
836,190
837,191
838,192
839,193
840,194
841,195
842,196
843,197
844,198
845,199
846,200
847,201
848,202
849,203
850,204
851,205
852,206
853,207
854,208
855,209
856,210
857,211
858,212
859,213
860,214
861,215
862,216
863,217
864,218
865,219
866,220
867,221
868,222
869,223
870,224
871,225
872,226
873,227
874,228
875,229
876,230
877,231
878,232
879,233
880,234
881,235
882,236
883,237
884,238
885,239
886,240
887,241
888,242
889,243
890,244
891,245
892,246
893,247
894,248
895,249
896,250
897,251
898,252
899,253
900,254
901,255
902,256
903,257
904,258
905,259
906,260
907,261
908,262
909,263
910,264
911,265
912,266
913,267
914,268
915,269
916,270
917,271
918,272
919,273
920,274
921,275
922,276
923,277
924,278
925,279
926,280
927,281
928,282
929,283
930,284
931,285
932,286
933,287
934,288
935,289
936,290
937,291
938,292
939,293
940,294
941,295
942,296
943,297
944,298
945,299
946,300
947,301
948,302
949,303
950,304
951,305
952,306
953,307
954,308
955,309
956,310
957,311
958,312
959,313
960,314
961,315
962,316
963,317
964,318
965,319
966,320
967,321
968,322
969,323
970,324
971,325
972,326
973,327
974,328
975,329
976,330
977,331
978,332
979,333
980,334
981,335
982,336
983,337
984,338
985,339
986,340
987,341
988,342
989,343
990,344
991,345
992,346
993,347
994,348
995,349
996,350
997,351
998,352
999,353
1000,354
1001,355
1002,356
1003,357
1004,358
1005,359
1006,360
1007,361
1008,362
1009,363
1010,364
1011,365
1012,366
1013,367
1014,368
1015,369
1016,370
1017,371
1018,372
1019,373
1020,374
1021,375
1022,376
1023,377
1024,378
1025,379
1026,380
1027,381
1028,382
1029,383
1030,384
1031,385
1032,386
1033,387
1034,388
1035,389
1036,390
1037,391
1038,392
1039,393
1040,394
1041,395
1042,396
1043,397
1044,398
1045,399
1046,400
1047,401
1048,402
1049,403
1050,404
1051,405
1052,406
1053,407
1054,408
1055,409
1056,410
1057,411
1058,412
1059,413
1060,414
1061,415
1062,416
1063,417
1064,418
1065,419
1066,420
1067,421
1068,422
1069,423
1070,424
1071,425
1072,426
1073,427
1074,428
1075,429
1076,430
1077,431
1078,432
1079,433
1080,434
1081,435
1082,436
1083,437
1084,438
1085,439
1086,440
1087,441
1088,442
1089,443
1090,444
1091,445
1092,446
1093,447
1094,448
1095,449
1096,450
1097,451
1098,452
1099,453
1100,454
1101,455
1102,456
1103,457
1104,458
1105,459
1106,460
1107,461
1108,462
1109,463
1110,464
1111,465
1112,466
1113,467
1114,468
1115,469
1116,470
1117,471
1118,472
1119,473
1120,474
1121,475
1122,476
1123,477
1124,478
1125,479
1126,480
1127,481
1128,482
1129,483
1130,484
1131,485
1132,486
1133,487
1134,488
1135,489
1136,490
1137,491
1138,492
1139,493
1140,494
1141,495
1142,496
1143,497
1144,498
1145,499
1146,500
1147,501
1148,502
1149,503
1150,504
1151,505
1152,506
1153,507
1154,508
1155,509
1156,510
1157,511
1158,512
1159,513
1160,514
1161,515
1162,516
1163,517
1164,518
1165,519
1166,520
1167,521
1168,522
1169,523
1170,524
1171,525
1172,526
1173,527
1174,528
1175,529
1176,530
1177,531
1178,532
1179,533
1180,534
1181,535
1182,536
1183,537
1184,538
1185,539
1186,540
1187,541
1188,542
1189,543
1190,544
1191,545
1192,546
1193,547
1194,548
1195,549
1196,550
1197,551
1198,552
1199,553
1200,554
1201,555
1202,556
1203,557
1204,558
1205,559
1206,560
1207,561
1208,562
1209,563
1210,564
1211,565
1212,566
1213,567
1214,568
1215,569
1216,570
1217,571
1218,572
1219,573
1220,574
1221,575
1222,576
1223,577
1224,578
1225,579
1226,580
1227,581
1228,582
1229,583
1230,584
1231,585
1232,586
1233,587
1234,588
1235,589
1236,590
1237,591
1238,592
1239,593
1240,594
1241,595
1242,596
1243,597
1244,598
1245,599
1246,600
1247,601
1248,602
1249,603
1250,604
1251,605
1252,606
1253,607
1254,608
1255,609
1256,610
1257,611
1258,612
1259,613
1260,614
1261,615
1262,616
1263,617
1264,618
1265,619
1266,620
1267,621
1268,622
1269,623
1270,624
1271,625
1272,626
1273,627
1274,628
1275,629
1276,630
1277,631
1278,632
1279,633
1280,634
1281,635
1282,636
1283,637
1284,638
1285,639
1286,640
1287,641
1288,642
1289,643
1290,644
1291,645
1292,646
1293,647
1294,648
1295,649
1296,650
1297,651
1298,652
1299,653
1300,654
1301,655
1302,656
1303,657
1304,658
1305,659
1306,660
1307,661
1308,662
1309,663
1310,664
1311,665
1312,666
1313,667
1314,668
1315,669
1316,670
1317,671
1318,672
1319,673
1320,674
1321,675
1322,676
1323,677
1324,678
1325,679
1326,680
1327,681
1328,682
1329,683
1330,684
1331,685
1332,686
1333,687
1334,688
1335,689
1336,690
1337,691
1338,692
1339,693
1340,694
1341,695
1342,696
1343,697
1344,698
1345,699
1346,700
1347,701
1348,702
1349,703
1350,704
1351,705
1352,706
1353,707
1354,708
1355,709
1356,710
1357,711
1358,712
1359,713
1360,714
1361,715
1362,716
1363,717
1364,718
1365,719
1366,720
1367,721
1368,722
1369,723
1370,724
1371,725
1372,726
1373,727
1374,728
1375,729
1376,730
1377,731
1378,732
1379,733
1380,734
1381,735
1382,736
1383,737
1384,738
1385,739
1386,740
1387,741
1388,742
1389,743
1390,744
1391,745
1392,746
1393,747
1394,748
1395,749
1396,750
1397,751
1398,752
1399,753
1400,754
1401,755
1402,756
1403,757
1404,758
1405,759
1406,760
1407,761
1408,762
1409,763
1410,764
1411,765
1412,766
1413,767
1414,768
1415,769
1416,770
1417,771
1418,772
1419,773
1420,774
1421,775
1422,776
1423,777
1424,778
1425,779
1426,780
1427,781
1428,782
1429,783
1430,784
1431,785
1432,786
1433,787
1434,788
1435,789
1436,790
1437,791
1438,792
1439,793
1440,794
1441,795
1442,796
1443,797
1444,798
1445,799
1446,800
1447,801
1448,802
1449,803
1450,804
1451,805
1452,806
1453,807
1454,808
1455,809
1456,810
1457,811
1458,812
1459,813
1460,814
1461,815
1462,816
1463,817
1464,818
1465,819
1466,820
1467,821
1468,822
1469,823
1470,824
1471,825
1472,826
1473,827
1474,828
1475,829
1476,830
1477,831
1478,832
1479,833
1480,834
1481,835
1482,836
1483,837
1484,838
1485,839
1486,840
1487,841
1488,842
1489,843
1490,844
1491,845
1492,846
1493,847
1494,848
1495,849
1496,850
1497,851
1498,852
1499,853
1500,854
1501,855
1502,856
1503,857
1504,858
1505,859
1506,860
1507,861
1508,862
1509,863
1510,864
1511,865
1512,866
1513,867
1514,868
1515,869
1516,870
1517,871
1518,872
1519,873
1520,874
1521,875
1522,876
1523,877
1524,878
1525,879
1526,880
1527,881
1528,882
1529,883
1530,884
1531,885
1532,886
1533,887
1534,888
1535,889
1536,890
1537,891
1538,892
1539,893
1540,894
1541,895
1542,896
1543,897
1544,898
1545,899
1546,900
1547,901
1548,902
1549,903
1550,904
1551,905
1552,906
1553,907
1554,908
1555,909
1556,910
1557,911
1558,912
1559,913
1560,914
1561,915
1562,916
1563,917
1564,918
1565,919
1566,920
1567,921
1568,922
1569,923
1570,924
1571,925
1572,926
1573,927
1574,928
1575,929
1576,930
1577,931
1578,932
1579,933
1580,934
1581,935
1582,936
1583,937
1584,938
1585,939
1586,940
1587,941
1588,942
1589,943
1590,944
1591,945
1592,946
1593,947
1594,948
1595,949
1596,950
1597,951
1598,952
1599,953
1600,954
1601,955
1602,956
1603,957
1604,958
1605,959
1606,960
1607,961
1608,962
1609,963
1610,964
1611,965
1612,966
1613,967
1614,968
1615,969
1616,970
1617,971
1618,972
1619,973
1620,974
1621,975
1622,976
1623,977
1624,978
1625,979
1626,980
1627,981
1628,982
1629,983
1630,984
1631,985
1632,986
1633,987
1634,988
1635,989
1636,990
1637,991
1638,992
1639,993
1640,994
1641,995
1642,996
1643,997
1644,998
1645,999
1646,1000
1647,1001
1648,1002
1649,1003
1650,1004
1651,1005
1652,1006
1653,1007
1654,1008
1655,1009
1656,1010
1657,1011
1658,1012
1659,1013
1660,1014
1661,1015
1662,1016
1663,1017
1664,1018
1665,1019
1666,1020
1667,1021
1668,1022
1669,1023
1670,1024
1671,1025
1672,1026
1673,1027
1674,1028
1675,1029
1676,1030
1677,1031
1678,1032
1679,1033
1680,1034
1681,1035
1682,1036
1683,1037
1684,1038
1685,1039
1686,1040
1687,1041
1688,1042
1689,1043
1690,1044
1691,1045
1692,1046
1693,1047
1694,1048
1695,1049
1696,1050
1697,1051
1698,1052
1699,1053
1700,1054
1701,1055
1702,1056
1703,1057
1704,1058
1705,1059
1706,1060
1707,1061
1708,1062
1709,1063
1710,1064
1711,1065
1712,1066
1713,1067
1714,1068
1715,1069
1716,1070
1717,1071
1718,1072
1719,1073
1720,1074
1721,1075
1722,1076
1723,1077
1724,1078
1725,1079
1726,1080
1727,1081
1728,1082
1729,1083
1730,1084
1731,1085
1732,1086
1733,1087
1734,1088
1735,1089
1736,1090
1737,1091
1738,1092
1739,1093
1740,1094
1741,1095
1742,1096
1743,1097
1744,1098
1745,1099
1746,1100
1747,1101
1748,1102
1749,1103
1750,1104
1751,1105
1752,1106
1753,1107
1754,1108
1755,1109
1756,1110
1757,1111
1758,1112
1759,1113
1760,1114
1761,1115
1762,1116
1763,1117
1764,1118
1765,1119
1766,1120
1767,1121
1768,1122
1769,1123
1770,1124
1771,1125
1772,1126
1773,1127
1774,1128
1775,1129
1776,1130
1777,1131
1778,1132
1779,1133
1780,1134
1781,1135
1782,1136
1783,1137
1784,1138
1785,1139
1786,1140
1787,1141
1788,1142
1789,1143
1790,1144
1791,1145
1792,1146
1793,1147
1794,1148
1795,1149
1796,1150
1797,1151
1798,1152
1799,1153
1800,1154
1801,1155
1802,1156
1803,1157
1804,1158
1805,1159
1806,1160
1807,1161
1808,1162
1809,1163
1810,1164
1811,1165
1812,1166
1813,1167
1814,1168
1815,1169
1816,1170
1817,1171
1818,1172
1819,1173
1820,1174
1821,1175
1822,1176
1823,1177
1824,1178
1825,1179
1826,1180
1827,1181
1828,1182
1829,1183
1830,1184
1831,1185
1832,1186
1833,1187
1834,1188
1835,1189
1836,1190
1837,1191
1838,1192
1839,1193
1840,1194
1841,1195
1842,1196
1843,1197
1844,1198
1845,1199
1846,1200
1847,1201
1848,1202
1849,1203
1850,1204
1851,1205
1852,1206
1853,1207
1854,1208
1855,1209
1856,1210
1857,1211
1858,1212
1859,1213
1860,1214
1861,1215
1862,1216
1863,1217
1864,1218
1865,1219
1866,1220
1867,1221
1868,1222
1869,1223
1870,1224
1871,1225
1872,1226
1873,1227
1874,1228
1875,1229
1876,1230
1877,1231
1878,1232
1879,1233
1880,1234
1881,1235
1882,1236
1883,1237
1884,1238
1885,1239
1886,1240
1887,1241
1888,1242
1889,1243
1890,1244
1891,1245
1892,1246
1893,1247
1894,1248
1895,1249
1896,1250
1897,1251
1898,1252
1899,1253
1900,1254
1901,1255
1902,1256
1903,1257
1904,1258
1905,1259
1906,1260
1907,1261
1908,1262
1909,1263
1910,1264
1911,1265
1912,1266
1913,1267
1914,1268
1915,1269
1916,1270
1917,1271
1918,1272
1919,1273
1920,1274
1921,1275
1922,1276
1923,1277
1924,1278
1925,1279
1926,1280
1927,1281
1928,1282
1929,1283
1930,1284
1931,1285
1932,1286
1933,1287
1934,1288
1935,1289
1936,1290
1937,1291
1938,1292
1939,1293
1940,1294
1941,1295
1942,1296
1943,1297
1944,1298
1945,1299
1946,1300
1947,1301
1948,1302
1949,1303
1950,1304
1951,1305
1952,1306
1953,1307
1954,1308
1955,1309
1956,1310
1957,1311
1958,1312
1959,1313
1960,1314
1961,1315
1962,1316
1963,1317
1964,1318
1965,1319
1966,1320
1967,1321
1968,1322
1969,1323
1970,1324
1971,1325
1972,1326
1973,1327
1974,1328
1975,1329
1976,1330
1977,1331
1978,1332
1979,1333
1980,1334
1981,1335
1982,1336
1983,1337
1984,1338
1985,1339
1986,1340
1987,1341
1988,1342
1989,1343
1990,1344
1991,1345
1992,1346
1993,1347
1994,1348
1995,1349
1996,1350
1997,1351
1998,1352
1999,1353
2000,1354
2001,1355
2002,1356
2003,1357
2004,1358
2005,1359
2006,1360
2007,1361
2008,1362
2009,1363
2010,1364
2011,1365
2012,1366
2013,1367
2014,1368
2015,1369
2016,1370
2017,1371
2018,1372
2019,1373
2020,1374
2021,1375
2022,1376
2023,1377
2024,1378
2025,1379
2026,1380
2027,1381
2028,1382
2029,1383
2030,1384
2031,1385
2032,1386
2033,1387
2034,1388
2035,1389
2036,1390
2037,1391
2038,1392
2039,1393
2040,1394
2041,1395
2042,1396
2043,1397
2044,1398
2045,1399
2046,1400
2047,1401
2048,1402
2049,1403
2050,1404
2051,1405
2052,1406
2053,1407
2054,1408
2055,1409
2056,1410
2057,1411
2058,1412
2059,1413
2060,1414
2061,1415
2062,1416
2063,1417
2064,1418
2065,1419
2066,1420
2067,1421
2068,1422
2069,1423
2070,1424
2071,1425
2072,1426
2073,1427
2074,1428
2075,1429
2076,1430
2077,1431
2078,1432
2079,1433
2080,1434
2081,1435
2082,1436
2083,1437
2084,1438
2085,1439
2086,1440
2087,1441
2088,1442
2089,1443
2090,1444
2091,1445
2092,1446
2093,1447
2094,1448
2095,1449
2096,1450
2097,1451
2098,1452
2099,1453
2100,1454
2101,1455
2102,1456
2103,1457
2104,1458
2105,1459
2106,1460
2107,1461
2108,1462
2109,1463
2110,1464
2111,1465
2112,1466
2113,1467
2114,1468
2115,1469
2116,1470
2117,1471
2118,1472
2119,1473
2120,1474
2121,1475
2122,1476
2123,1477
2124,1478
2125,1479
2126,1480
2127,1481
2128,1482
2129,1483
2130,1484
2131,1485
2132,1486
2133,1487
2134,1488
2135,1489
2136,1490
2137,1491
2138,1492
2139,1493
2140,1494
2141,1495
2142,1496
2143,1497
2144,1498
2145,1499
2146,1500
2147,1501
2148,1502
2149,1503
2150,1504
2151,1505
2152,1506
2153,1507
2154,1508
2155,1509
2156,1510
2157,1511
2158,1512
2159,1513
2160,1514
2161,1515
2162,1516
2163,1517
2164,1518
2165,1519
2166,1520
2167,1521
2168,1522
2169,1523
2170,1524
2171,1525
2172,1526
2173,1527
2174,1528
2175,1529
2176,1530
2177,1531
2178,1532
2179,1533
2180,1534
2181,1535
2182,1536
2183,1537
2184,1538
2185,1539
2186,1540
2187,1541
2188,1542
2189,1543
2190,1544
2191,1545
2192,1546
2193,1547
2194,1548
2195,1549
2196,1550
